Domain,Status,Attractiveness,Demand,Length,Sectors,Created,Expires,Registrar
one.camera,resell,132,44%,3,"Business,General,Media,Technology",19/11/2020 09:35,19/11/2025 09:35,Dynadot Inc
second.camera,available,120,23%,6,"General,Mathematics",,,
tenth.camera,available,116,7%,5,Mathematics,,,
flat.camera,available,116,24%,4,"Construction,Real Estate",,,
eight.camera,available,102,23%,5,"General,Mathematics",,,
eighth.camera,available,100,6%,6,Mathematics,,,
sixth.camera,available,100,8%,5,Mathematics,,,
ninth.camera,available,100,9%,5,Mathematics,,,
third.camera,available,100,16%,5,Mathematics,,,
crack.camera,available,100,20%,5,Sports,,,
twentieth.camera,available,92,3%,9,Mathematics,,,
nought.camera,available,92,4%,6,Mathematics,,,
leash.camera,available,90,7%,5,"General,Health and Fitness,Retail",,,
hundred.camera,available,88,14%,7,Mathematics,,,
ten.camera,available,88,28%,3,"General,Mathematics",,,
sixteen.camera,available,88,11%,7,Mathematics,,,
eleven.camera,available,88,33%,6,Mathematics,,,
twelve.camera,available,88,18%,6,"General,Mathematics",,,
ace.camera,available,88,34%,3,Sports,,,
three.camera,available,88,24%,5,Mathematics,,,
fifteen.camera,available,88,13%,7,Mathematics,,,
xiv.camera,available,86,12%,3,Mathematics,,,
xix.camera,available,86,11%,3,Mathematics,,,
cipher.camera,available,86,29%,6,Mathematics,,,
fourteen.camera,available,84,8%,8,Mathematics,,,
twentyone.camera,available,84,13%,10,Mathematics,,,
thousand.camera,available,84,8%,8,Mathematics,,,
nineteen.camera,available,84,8%,8,Mathematics,,,
twentytwo.camera,available,84,11%,10,Mathematics,,,
seventeen.camera,available,84,7%,9,Mathematics,,,
grand.camera,available,84,25%,5,"Finance,General",,,
thirteen.camera,available,84,10%,8,Mathematics,,,
decade.camera,available,82,10%,6,Mathematics,,,
fivesome.camera,available,82,1%,8,Sports,,,
dozen.camera,available,82,10%,5,Mathematics,,,
nine.camera,available,80,24%,4,"General,Mathematics",,,
forty.camera,available,80,9%,5,Mathematics,,,
trio.camera,available,80,21%,4,Entertainment,,,
twenty.camera,available,80,12%,6,Mathematics,,,
yard.camera,available,80,26%,4,"Construction,General",,,
seventh.camera,available,80,10%,7,Mathematics,,,
sixtynine.camera,available,78,8%,10,Mathematics,,,
twentysix.camera,available,78,8%,10,Mathematics,,,
eighteen.camera,available,76,7%,8,Mathematics,,,
thirteenth.camera,available,76,4%,10,Mathematics,,,
fifteenth.camera,available,76,2%,9,Mathematics,,,
thousandth.camera,available,76,1%,10,Mathematics,,,
firstrate.camera,available,76,6%,10,Business,,,
nineteenth.camera,available,76,3%,10,Mathematics,,,
threed.camera,available,76,7%,7,Technology,,,
hundredth.camera,available,76,1%,9,Mathematics,,,
fourteenth.camera,available,76,1%,10,Mathematics,,,
single.camera,available,74,19%,6,Sports,,,
seventieth.camera,available,72,1%,10,Mathematics,,,
trinity.camera,available,72,18%,7,Religion,,,
ninetieth.camera,available,72,1%,9,Mathematics,,,
liv.camera,available,72,27%,3,Mathematics,,,
ternary.camera,available,72,7%,7,Mathematics,,,
sixtieth.camera,available,72,1%,8,Mathematics,,,
trey.camera,available,72,14%,4,Sports,,,
eightieth.camera,available,72,1%,9,Mathematics,,,
unity.camera,available,70,40%,5,Mathematics,,,
tiptop.camera,available,70,24%,6,Fashion,,,
ane.camera,available,68,12%,3,Mathematics,,,
fortieth.camera,available,68,0%,8,Mathematics,,,
sevener.camera,available,68,1%,7,Mathematics,,,
foursome.camera,available,68,4%,8,Sports,,,
fiftieth.camera,available,68,0%,8,Mathematics,,,
septenary.camera,available,68,1%,9,Mathematics,,,
threesome.camera,available,68,5%,9,Entertainment,,,
ennead.camera,available,68,5%,6,Mathematics,,,
octonary.camera,available,68,1%,8,Mathematics,,,
thirtieth.camera,available,68,1%,9,Mathematics,,,
fifty.camera,available,66,12%,5,Mathematics,,,
latest.camera,available,66,18%,6,Technology,,,
five.camera,available,66,26%,4,Mathematics,,,
sextet.camera,available,66,1%,6,Entertainment,,,
xxv.camera,available,66,6%,3,Mathematics,,,
xxi.camera,available,66,10%,3,Mathematics,,,
xxii.camera,available,66,6%,4,Mathematics,,,
ninety.camera,available,66,11%,6,Mathematics,,,
xvii.camera,available,66,5%,4,Mathematics,,,
deuce.camera,available,66,9%,5,Sports,,,
tenner.camera,available,66,5%,6,Finance,,,
xiii.camera,available,66,9%,4,Mathematics,,,
xvi.camera,available,66,5%,3,Mathematics,,,
xii.camera,available,66,10%,3,Mathematics,,,
xviii.camera,available,66,5%,5,Mathematics,,,
xxvi.camera,available,66,3%,4,Mathematics,,,
onec.camera,available,66,6%,5,Mathematics,,,
four.camera,available,66,27%,4,Mathematics,,,
clv.camera,available,66,10%,3,Mathematics,,,
thirty.camera,available,66,8%,6,Mathematics,,,
six.camera,available,66,26%,3,Mathematics,,,
acappella.camera,available,66,6%,10,Entertainment,,,
eighty.camera,available,66,6%,6,Mathematics,,,
eleventh.camera,available,62,5%,8,Mathematics,,,
troika.camera,available,62,8%,6,Politics,,,
eighteenth.camera,available,62,1%,10,Mathematics,,,
quartet.camera,available,62,7%,7,"Arts,Entertainment",,,
longdozen.camera,available,62,2%,10,Mathematics,,,
sixteenth.camera,available,62,1%,9,Mathematics,,,
twodozen.camera,available,62,1%,9,Mathematics,,,
chiliad.camera,available,62,2%,7,Mathematics,,,
fortyfour.camera,available,62,6%,10,Mathematics,,,
cxlv.camera,available,60,2%,4,Mathematics,,,
cxx.camera,available,60,10%,3,Mathematics,,,
tertiary.camera,available,60,4%,8,Education,,,
clxxx.camera,available,60,1%,5,Mathematics,,,
thou.camera,available,60,7%,4,Mathematics,,,
clxx.camera,available,60,3%,4,Mathematics,,,
clx.camera,available,60,10%,3,Mathematics,,,
cxxx.camera,available,60,4%,4,Mathematics,,,
cxv.camera,available,60,4%,3,Mathematics,,,
eightysix.camera,available,60,7%,10,Mathematics,,,
sixty.camera,available,60,13%,5,Mathematics,,,
clxv.camera,available,60,1%,4,Mathematics,,,
cxxxv.camera,available,60,2%,5,Mathematics,,,
xcl.camera,available,60,5%,3,Mathematics,,,
clxxv.camera,available,60,1%,5,Mathematics,,,
cxxv.camera,available,60,1%,4,Mathematics,,,
cxl.camera,available,60,7%,3,Mathematics,,,
fifth.camera,available,58,12%,5,Mathematics,,,
octad.camera,available,58,5%,5,Mathematics,,,
eighter.camera,available,58,2%,7,Mathematics,,,
seventy.camera,available,58,7%,7,Mathematics,,,
sixer.camera,available,58,5%,5,Sports,,,
twelfth.camera,available,58,2%,7,Mathematics,,,
tetrad.camera,available,58,5%,6,Mathematics,,,
fourth.camera,available,58,13%,6,Mathematics,,,
niner.camera,available,58,5%,5,Mathematics,,,
sextuplet.camera,available,58,1%,9,Healthcare,,,
heptad.camera,available,58,1%,6,Mathematics,,,
alacarte.camera,available,58,11%,10,Food and Beverage,,,
fourscore.camera,available,58,4%,9,Mathematics,,,
seven.camera,available,58,36%,5,Mathematics,,,
lxxx.camera,available,58,2%,4,Mathematics,,,
pentad.camera,available,58,2%,6,Mathematics,,,
sixtyone.camera,available,58,3%,9,Mathematics,,,
centesimal.camera,available,58,1%,10,Mathematics,,,
cypher.camera,available,58,29%,6,Mathematics,,,
hexad.camera,available,58,4%,5,Mathematics,,,
xli.camera,available,56,5%,3,Mathematics,,,
xxxviii.camera,available,56,1%,7,Mathematics,,,
xxiii.camera,available,56,5%,5,Mathematics,,,
xxvii.camera,available,56,3%,5,Mathematics,,,
xliv.camera,available,56,2%,4,Mathematics,,,
fiftyfive.camera,available,56,7%,10,Mathematics,,,
fiftytwo.camera,available,56,6%,9,Mathematics,,,
thirtysix.camera,available,56,5%,10,Mathematics,,,
xlviii.camera,available,56,1%,6,Mathematics,,,
xxxv.camera,available,56,4%,4,Mathematics,,,
xxxiii.camera,available,56,2%,6,Mathematics,,,
xxviii.camera,available,56,1%,6,Mathematics,,,
xxxvi.camera,available,56,1%,5,Mathematics,,,
xxxiv.camera,available,56,1%,5,Mathematics,,,
xxxi.camera,available,56,9%,4,Mathematics,,,
xlv.camera,available,56,6%,3,Mathematics,,,
fiftyfour.camera,available,56,3%,10,Mathematics,,,
lvii.camera,available,56,1%,4,Mathematics,,,
xliii.camera,available,56,1%,5,Mathematics,,,
ilx.camera,available,56,5%,3,Mathematics,,,
xlvi.camera,available,56,3%,4,Mathematics,,,
xlvii.camera,available,56,2%,5,Mathematics,,,
xxiv.camera,available,56,5%,4,Mathematics,,,
xxix.camera,available,56,4%,4,Mathematics,,,
liii.camera,available,56,4%,4,Mathematics,,,
lii.camera,available,56,7%,3,Mathematics,,,
thirtytwo.camera,available,56,5%,10,Mathematics,,,
xxxii.camera,available,56,1%,5,Mathematics,,,
fiftynine.camera,available,56,4%,10,Mathematics,,,
fiftysix.camera,available,56,4%,9,Mathematics,,,
xlii.camera,available,56,5%,4,Mathematics,,,
fortyone.camera,available,56,4%,9,Mathematics,,,
fortynine.camera,available,56,3%,10,Mathematics,,,
lvi.camera,available,56,8%,3,Mathematics,,,
lviii.camera,available,56,1%,5,Mathematics,,,
aone.camera,available,56,15%,5,Food and Beverage,,,
fortysix.camera,available,56,3%,9,Mathematics,,,
halfdozen.camera,available,56,1%,10,Mathematics,,,
fortytwo.camera,available,56,17%,9,Mathematics,,,
fiftyone.camera,available,56,7%,9,Mathematics,,,
thirtyone.camera,available,56,5%,10,Mathematics,,,
xxxvii.camera,available,56,2%,6,Mathematics,,,
twoscore.camera,available,54,2%,8,Mathematics,,,
viii.camera,available,54,6%,4,Mathematics,,,
quatern.camera,available,54,2%,7,Mathematics,,,
threescore.camera,available,54,1%,10,Mathematics,,,
vii.camera,available,54,13%,3,Mathematics,,,
quaternity.camera,available,54,4%,10,Mathematics,,,
topnotch.camera,available,54,18%,8,Business,,,
fortyfive.camera,available,54,4%,10,Mathematics,,,
quaternion.camera,available,54,6%,10,Mathematics,,,
deuceace.camera,available,54,2%,9,Sports,,,
sixtyfour.camera,available,52,3%,10,Mathematics,,,
xci.camera,available,52,4%,3,Mathematics,,,
ixl.camera,available,52,9%,3,Mathematics,,,
xcvii.camera,available,52,1%,5,Mathematics,,,
xcvi.camera,available,52,2%,4,Mathematics,,,
lxxxv.camera,available,52,1%,5,Mathematics,,,
sixtytwo.camera,available,52,3%,9,Mathematics,,,
lxvi.camera,available,52,3%,4,Mathematics,,,
lxxiv.camera,available,52,1%,5,Mathematics,,,
ninetyone.camera,available,52,5%,10,Mathematics,,,
lxxii.camera,available,52,1%,5,Mathematics,,,
lxii.camera,available,52,1%,4,Mathematics,,,
lxxxvi.camera,available,52,1%,6,Mathematics,,,
lxiv.camera,available,52,3%,4,Mathematics,,,
lxi.camera,available,52,5%,3,Mathematics,,,
lxv.camera,available,52,5%,3,Mathematics,,,
lxiii.camera,available,52,2%,5,Mathematics,,,
xciv.camera,available,52,2%,4,Mathematics,,,
lxxvi.camera,available,52,1%,5,Mathematics,,,
sixtysix.camera,available,52,4%,9,Mathematics,,,
lxxxiv.camera,available,52,1%,6,Mathematics,,,
lxxxiii.camera,available,52,1%,7,Mathematics,,,
ixc.camera,available,52,5%,3,Mathematics,,,
lxxv.camera,available,52,1%,4,Mathematics,,,
ninetysix.camera,available,52,4%,10,Mathematics,,,
lxxi.camera,available,52,1%,4,Mathematics,,,
eightyone.camera,available,52,3%,10,Mathematics,,,
xcv.camera,available,52,7%,3,Mathematics,,,
xcviii.camera,available,52,1%,6,Mathematics,,,
ninetytwo.camera,available,52,4%,10,Mathematics,,,
lxxxvii.camera,available,52,1%,7,Mathematics,,,
xciii.camera,available,52,1%,5,Mathematics,,,
lxxxii.camera,available,52,1%,6,Mathematics,,,
lxxiii.camera,available,52,1%,6,Mathematics,,,
xcii.camera,available,52,2%,4,Mathematics,,,
lxxxi.camera,available,52,1%,5,Mathematics,,,
eightytwo.camera,available,52,4%,10,Mathematics,,,
sixtyfive.camera,available,52,3%,10,Mathematics,,,
lxvii.camera,available,52,1%,5,Mathematics,,,
lxviii.camera,available,52,1%,6,Mathematics,,,
lxxvii.camera,available,52,2%,6,Mathematics,,,
cinque.camera,available,50,7%,6,Mathematics,,,
lxx.camera,available,50,5%,3,Mathematics,,,
triplet.camera,available,50,8%,7,Science,,,
ogdoad.camera,available,50,1%,6,Mathematics,,,
lxxxviii.camera,available,48,1%,8,Mathematics,,,
quaternary.camera,available,46,3%,10,Mathematics,,,